run_id,growth_mode,uniform_rate,high_rate,low_rate,Kc,Kb,damping,carrying_cap_factor,tau,n_steps,dt,seed,run_config_hash,sweep_config_hash,git_commit,fail_reason,stable,runtime_s,final_area,area_ratio,gi,gi_plausible,mean_curv_mean,mean_curv_std,mean_curv_abs_max,mean_curv_p50,mean_curv_p90,mean_curv_p99,disp_mean,disp_p95,outside_skull_frac,skull_penetration_mean,skull_penetration_p95,skull_penetration_max
1,uniform,0.3,0.3,0.3,2.0,3.0,0.9,3.5,500.0,80,0.02,42,a7964039c0c364c6efa274ddb39d49d358b6545c2a60f91c8bf21e4925b7d6aa,c8d503703216a80fa37e3cd8302376040c98dd7d9f819daf78c4b7208ec0204c,546d1af,none,1,0.2945697919931263,14.449747085571289,1.1553795639457012,0.5110552310943604,1,1.8718189001083374,1.2860009670257568,7.6705241203308105,1.6739622354507446,3.5196657180786133,5.064420223236084,0.048250969499349594,0.09165553748607635,0.0,0.0,0.0,0.0
2,uniform,0.5,0.5,0.5,2.0,3.0,0.9,4.0,500.0,80,0.02,42,92be8c635b0de2326b67ec159f23927e33fc7d05c66fe99037f135e0562ebe99,c8d503703216a80fa37e3cd8302376040c98dd7d9f819daf78c4b7208ec0204c,546d1af,none,1,0.24521045805886388,15.291553497314453,1.2226891105534547,0.5408280491828918,1,1.8562171459197998,1.2824233770370483,7.980481147766113,1.6831706762313843,3.5014383792877197,5.12536096572876,0.07326020300388336,0.12351227551698685,0.0,0.0,0.0,0.0
3,regional,0.0,0.8,0.1,2.0,3.0,0.9,4.0,500.0,80,0.02,42,96cb5413e7cac217531d78d6bf3788b574e30e3f6847aafc0cdbccd8e6e48616,c8d503703216a80fa37e3cd8302376040c98dd7d9f819daf78c4b7208ec0204c,546d1af,none,1,0.25228408304974437,14.83695125579834,1.186339814163617,0.5247498154640198,1,1.6027655601501465,1.1826817989349365,5.764774322509766,1.4307125806808472,3.2260468006134033,4.986696243286133,0.07070120424032211,0.14091165363788605,0.0,0.0,0.0,0.0
4,regional,0.0,0.9,0.15,1.8,2.5,0.9,4.0,500.0,80,0.02,42,2170f1dc50c387c4947bf1591d0bf409d35ed3c615047014683579f045a4b161,c8d503703216a80fa37e3cd8302376040c98dd7d9f819daf78c4b7208ec0204c,546d1af,none,1,0.24761933297850192,14.304220199584961,1.1437434578548786,0.5059083104133606,1,1.2740085124969482,0.7761316895484924,4.405179977416992,1.1169569492340088,2.481139659881592,3.3097610473632812,0.0662824809551239,0.11905478686094284,0.0,0.0,0.0,0.0
