run_id,growth_mode,uniform_rate,high_rate,low_rate,Kc,Kb,damping,carrying_cap_factor,tau,n_steps,dt,stable,runtime_s,final_area,area_ratio,gi,mean_curv_mean,mean_curv_std,mean_curv_abs_max,disp_mean,disp_p95,outside_skull_frac
1,uniform,0.3,0.3,0.3,2.0,3.0,0.9,3.5,500.0,120,0.02,1,0.2677507910411805,64.27059936523438,5.138978324629791,2.2731075286865234,2.8753085136413574,1.2546242475509644,9.816476821899414,0.33670496940612793,0.6371193528175354,0.09968847352024922
2,uniform,0.5,0.5,0.5,2.0,3.0,0.9,4.0,500.0,120,0.02,1,0.22682195785455406,73.38693237304688,5.867906297761424,2.595531702041626,2.7429850101470947,1.2500793933868408,8.7747802734375,0.41180941462516785,0.7416643500328064,0.23052959501557632
3,regional,0.0,0.8,0.1,2.0,3.0,0.9,4.0,500.0,120,0.02,1,0.24590212502516806,90.20060729980469,7.212301897916952,3.1901938915252686,2.663649797439575,1.281123161315918,7.509590148925781,0.4031260311603546,0.7187115550041199,0.19781931464174454
4,regional,0.0,0.9,0.15,1.8,2.5,0.9,4.0,500.0,120,0.02,1,0.22442979086190462,24.519203186035156,1.9605177943678398,0.8671894073486328,2.3477017879486084,1.439977765083313,7.5322418212890625,0.2361387461423874,0.42199254035949707,0.017133956386292833
