run_id,label,growth_mode,uniform_rate,high_rate,low_rate,Kc,Kb,damping,carrying_cap_factor,tau,anisotropy_mode,anisotropy_strength,anisotropy_high,anisotropy_low,n_steps,dt,seed,run_config_hash,sweep_config_hash,git_commit,fail_reason,stable,runtime_s,final_area,area_ratio,gi,gi_plausible,mean_curv_mean,mean_curv_std,mean_curv_abs_max,mean_curv_p50,mean_curv_p90,mean_curv_p99,disp_mean,disp_p95,outside_skull_frac,skull_penetration_mean,skull_penetration_p95,skull_penetration_max
1,isotropic_baseline,regional,0.0,0.8,0.1,2.0,3.0,0.9,4.0,500.0,none,0.0,0.0,0.0,120,0.02,42,2068b1d0afac502ae6319c12009ac6524abfbfa434bf3a50a14ab6ba37a889d5,92d23ec62b5c7d565a459505a9d92a0b53a247d36b25682ba585c73b8a779a2b,580bc60,none,1,0.28108479198999703,48.028350830078125,3.8402731003158532,1.6986554861068726,1,2.8013110160827637,1.24883234500885,7.235400199890137,2.831737995147705,4.34138298034668,6.1463165283203125,0.3434975743293762,0.6027324199676514,0.1292834890965732,0.009473590180277824,0.08020682632923126,0.23086297512054443
2,anisotropic_z_bias,regional,0.0,0.8,0.1,2.0,3.0,0.9,4.0,500.0,regional,0.35,1.0,0.0,120,0.02,42,ae4be1b3bc73d8cfb4f23fe1faf84508787e1cdb48f6007ac8f94db6e49c8103,92d23ec62b5c7d565a459505a9d92a0b53a247d36b25682ba585c73b8a779a2b,580bc60,none,1,0.29662708402611315,80.84169006347656,6.463977262788214,2.859189987182617,1,2.8741648197174072,1.0685222148895264,6.999258995056152,2.8003392219543457,4.255120754241943,5.742823600769043,0.444068968296051,0.6889258623123169,0.2772585669781931,0.02482987567782402,0.14779391884803772,0.2977323532104492
