seed,label,stable,fail_reason,gi,disp_p95,outside_skull_frac,runtime_s
11,layered_on_reference,1,none,2.234426736831665,0.680706799030304,0.2819314641744548,0.4965600830037147
11,layered_clip_tight,1,none,1.1972328424453735,0.5904030203819275,0.22118380062305296,0.41024316707625985
23,layered_on_reference,1,none,2.234426736831665,0.680706799030304,0.2819314641744548,0.4935146658681333
23,layered_clip_tight,1,none,1.1972328424453735,0.5904030203819275,0.22118380062305296,0.4214659589342773
37,layered_on_reference,1,none,2.234426736831665,0.680706799030304,0.2819314641744548,0.4994036660064012
37,layered_clip_tight,1,none,1.1972328424453735,0.5904030203819275,0.22118380062305296,0.4088980839587748
